id,submission_time,vote_number,question_id,message,image
1,1590001315,0,1,"Lorem ipsum dolor sit amet, consectetur adipiscing elit. Phasellus lorem arcu, tincidunt dictum varius in, vulputate id ante. Praesent a neque mattis magna pulvinar faucibus in vitae ligula. Sed eros libero, ullamcorper sit amet placerat non, placerat ut odio. Mauris luctus posuere sapien, id posuere tortor pulvinar ac. Quisque eget urna ac magna pulvinar bibendum non non nisi. Suspendisse ac congue dui. Vestibulum bibendum ac lorem nec tristique. Phasellus vitae sapien vel dui vestibulum laoreet varius eu sem. Sed justo erat, sodales at posuere ut, condimentum suscipit sem. Curabitur lobortis, justo ut maximus condimentum, massa ante lobortis lectus, vel bibendum ex tellus id lacus. Vivamus egestas sit amet nisl vitae blandit. Aliquam facilisis ut elit id blandit. Sed sed lorem purus. Etiam mollis libero id tincidunt lacinia. ",imgx1.jpg
2,1590001324,0,1,"Lorem ipsum dolor sit amet, consectetur adipiscing elit. Phasellus lorem arcu, tincidunt dictum varius in, vulputate id ante. Praesent a neque mattis magna pulvinar faucibus in vitae ligula. Sed eros libero, ullamcorper sit amet placerat non, placerat ut odio. Mauris luctus posuere sapien, id posuere tortor pulvinar ac. Quisque eget urna ac magna pulvinar bibendum non non nisi. Suspendisse ac congue dui. Vestibulum bibendum ac lorem nec tristique. Phasellus vitae sapien vel dui vestibulum laoreet varius eu sem. Sed justo erat, sodales at posuere ut, condimentum suscipit sem. Curabitur lobortis, justo ut maximus condimentum, massa ante lobortis lectus, vel bibendum ex tellus id lacus. Vivamus egestas sit amet nisl vitae blandit. Aliquam facilisis ut elit id blandit. Sed sed lorem purus. Etiam mollis libero id tincidunt lacinia. ",imgx2.jpg
3,1590001328,0,1,"Lorem ipsum dolor sit amet, consectetur adipiscing elit. Phasellus lorem arcu, tincidunt dictum varius in, vulputate id ante. Praesent a neque mattis magna pulvinar faucibus in vitae ligula. Sed eros libero, ullamcorper sit amet placerat non, placerat ut odio. Mauris luctus posuere sapien, id posuere tortor pulvinar ac. Quisque eget urna ac magna pulvinar bibendum non non nisi. Suspendisse ac congue dui. Vestibulum bibendum ac lorem nec tristique. Phasellus vitae sapien vel dui vestibulum laoreet varius eu sem. Sed justo erat, sodales at posuere ut, condimentum suscipit sem. Curabitur lobortis, justo ut maximus condimentum, massa ante lobortis lectus, vel bibendum ex tellus id lacus. Vivamus egestas sit amet nisl vitae blandit. Aliquam facilisis ut elit id blandit. Sed sed lorem purus. Etiam mollis libero id tincidunt lacinia. ",
4,1590001331,0,1,"Lorem ipsum dolor sit amet, consectetur adipiscing elit. Phasellus lorem arcu, tincidunt dictum varius in, vulputate id ante. Praesent a neque mattis magna pulvinar faucibus in vitae ligula. Sed eros libero, ullamcorper sit amet placerat non, placerat ut odio. Mauris luctus posuere sapien, id posuere tortor pulvinar ac. Quisque eget urna ac magna pulvinar bibendum non non nisi. Suspendisse ac congue dui. Vestibulum bibendum ac lorem nec tristique. Phasellus vitae sapien vel dui vestibulum laoreet varius eu sem. Sed justo erat, sodales at posuere ut, condimentum suscipit sem. Curabitur lobortis, justo ut maximus condimentum, massa ante lobortis lectus, vel bibendum ex tellus id lacus. Vivamus egestas sit amet nisl vitae blandit. Aliquam facilisis ut elit id blandit. Sed sed lorem purus. Etiam mollis libero id tincidunt lacinia. ",
5,1590001397,0,2,"Lorem ipsum dolor sit amet, consectetur adipiscing elit. Phasellus lorem arcu, tincidunt dictum varius in, vulputate id ante. Praesent a neque mattis magna pulvinar faucibus in vitae ligula. Sed eros libero, ullamcorper sit amet placerat non, placerat ut odio. Mauris luctus posuere sapien, id posuere tortor pulvinar ac. Quisque eget urna ac magna pulvinar bibendum non non nisi. Suspendisse ac congue dui. Vestibulum bibendum ac lorem nec tristique. Phasellus vitae sapien vel dui vestibulum laoreet varius eu sem. Sed justo erat, sodales at posuere ut, condimentum suscipit sem. Curabitur lobortis, justo ut maximus condimentum, massa ante lobortis lectus, vel bibendum ex tellus id lacus. Vivamus egestas sit amet nisl vitae blandit. Aliquam facilisis ut elit id blandit. Sed sed lorem purus. Etiam mollis libero id tincidunt lacinia. ",
6,1590001400,0,2,"Lorem ipsum dolor sit amet, consectetur adipiscing elit. Phasellus lorem arcu, tincidunt dictum varius in, vulputate id ante. Praesent a neque mattis magna pulvinar faucibus in vitae ligula. Sed eros libero, ullamcorper sit amet placerat non, placerat ut odio. Mauris luctus posuere sapien, id posuere tortor pulvinar ac. Quisque eget urna ac magna pulvinar bibendum non non nisi. Suspendisse ac congue dui. Vestibulum bibendum ac lorem nec tristique. Phasellus vitae sapien vel dui vestibulum laoreet varius eu sem. Sed justo erat, sodales at posuere ut, condimentum suscipit sem. Curabitur lobortis, justo ut maximus condimentum, massa ante lobortis lectus, vel bibendum ex tellus id lacus. Vivamus egestas sit amet nisl vitae blandit. Aliquam facilisis ut elit id blandit. Sed sed lorem purus. Etiam mollis libero id tincidunt lacinia. ",
7,1590001405,0,3,"Lorem ipsum dolor sit amet, consectetur adipiscing elit. Phasellus lorem arcu, tincidunt dictum varius in, vulputate id ante. Praesent a neque mattis magna pulvinar faucibus in vitae ligula. Sed eros libero, ullamcorper sit amet placerat non, placerat ut odio. Mauris luctus posuere sapien, id posuere tortor pulvinar ac. Quisque eget urna ac magna pulvinar bibendum non non nisi. Suspendisse ac congue dui. Vestibulum bibendum ac lorem nec tristique. Phasellus vitae sapien vel dui vestibulum laoreet varius eu sem. Sed justo erat, sodales at posuere ut, condimentum suscipit sem. Curabitur lobortis, justo ut maximus condimentum, massa ante lobortis lectus, vel bibendum ex tellus id lacus. Vivamus egestas sit amet nisl vitae blandit. Aliquam facilisis ut elit id blandit. Sed sed lorem purus. Etiam mollis libero id tincidunt lacinia. ",
8,1590001410,0,3,"Lorem ipsum dolor sit amet, consectetur adipiscing elit. Phasellus lorem arcu, tincidunt dictum varius in, vulputate id ante. Praesent a neque mattis magna pulvinar faucibus in vitae ligula. Sed eros libero, ullamcorper sit amet placerat non, placerat ut odio. Mauris luctus posuere sapien, id posuere tortor pulvinar ac. Quisque eget urna ac magna pulvinar bibendum non non nisi. Suspendisse ac congue dui. Vestibulum bibendum ac lorem nec tristique. Phasellus vitae sapien vel dui vestibulum laoreet varius eu sem. Sed justo erat, sodales at posuere ut, condimentum suscipit sem. Curabitur lobortis, justo ut maximus condimentum, massa ante lobortis lectus, vel bibendum ex tellus id lacus. Vivamus egestas sit amet nisl vitae blandit. Aliquam facilisis ut elit id blandit. Sed sed lorem purus. Etiam mollis libero id tincidunt lacinia. ",imgx3.jpg
9,1590001413,0,3,"Lorem ipsum dolor sit amet, consectetur adipiscing elit. Phasellus lorem arcu, tincidunt dictum varius in, vulputate id ante. Praesent a neque mattis magna pulvinar faucibus in vitae ligula. Sed eros libero, ullamcorper sit amet placerat non, placerat ut odio. Mauris luctus posuere sapien, id posuere tortor pulvinar ac. Quisque eget urna ac magna pulvinar bibendum non non nisi. Suspendisse ac congue dui. Vestibulum bibendum ac lorem nec tristique. Phasellus vitae sapien vel dui vestibulum laoreet varius eu sem. Sed justo erat, sodales at posuere ut, condimentum suscipit sem. Curabitur lobortis, justo ut maximus condimentum, massa ante lobortis lectus, vel bibendum ex tellus id lacus. Vivamus egestas sit amet nisl vitae blandit. Aliquam facilisis ut elit id blandit. Sed sed lorem purus. Etiam mollis libero id tincidunt lacinia. ",
10,1590001421,0,4,"Lorem ipsum dolor sit amet, consectetur adipiscing elit. Phasellus lorem arcu, tincidunt dictum varius in, vulputate id ante. Praesent a neque mattis magna pulvinar faucibus in vitae ligula. Sed eros libero, ullamcorper sit amet placerat non, placerat ut odio. Mauris luctus posuere sapien, id posuere tortor pulvinar ac. Quisque eget urna ac magna pulvinar bibendum non non nisi. Suspendisse ac congue dui. Vestibulum bibendum ac lorem nec tristique. Phasellus vitae sapien vel dui vestibulum laoreet varius eu sem. Sed justo erat, sodales at posuere ut, condimentum suscipit sem. Curabitur lobortis, justo ut maximus condimentum, massa ante lobortis lectus, vel bibendum ex tellus id lacus. Vivamus egestas sit amet nisl vitae blandit. Aliquam facilisis ut elit id blandit. Sed sed lorem purus. Etiam mollis libero id tincidunt lacinia. ",
11,1590001425,0,5,"Lorem ipsum dolor sit amet, consectetur adipiscing elit. Phasellus lorem arcu, tincidunt dictum varius in, vulputate id ante. Praesent a neque mattis magna pulvinar faucibus in vitae ligula. Sed eros libero, ullamcorper sit amet placerat non, placerat ut odio. Mauris luctus posuere sapien, id posuere tortor pulvinar ac. Quisque eget urna ac magna pulvinar bibendum non non nisi. Suspendisse ac congue dui. Vestibulum bibendum ac lorem nec tristique. Phasellus vitae sapien vel dui vestibulum laoreet varius eu sem. Sed justo erat, sodales at posuere ut, condimentum suscipit sem. Curabitur lobortis, justo ut maximus condimentum, massa ante lobortis lectus, vel bibendum ex tellus id lacus. Vivamus egestas sit amet nisl vitae blandit. Aliquam facilisis ut elit id blandit. Sed sed lorem purus. Etiam mollis libero id tincidunt lacinia. ",
12,1590001427,0,5,"Lorem ipsum dolor sit amet, consectetur adipiscing elit. Phasellus lorem arcu, tincidunt dictum varius in, vulputate id ante. Praesent a neque mattis magna pulvinar faucibus in vitae ligula. Sed eros libero, ullamcorper sit amet placerat non, placerat ut odio. Mauris luctus posuere sapien, id posuere tortor pulvinar ac. Quisque eget urna ac magna pulvinar bibendum non non nisi. Suspendisse ac congue dui. Vestibulum bibendum ac lorem nec tristique. Phasellus vitae sapien vel dui vestibulum laoreet varius eu sem. Sed justo erat, sodales at posuere ut, condimentum suscipit sem. Curabitur lobortis, justo ut maximus condimentum, massa ante lobortis lectus, vel bibendum ex tellus id lacus. Vivamus egestas sit amet nisl vitae blandit. Aliquam facilisis ut elit id blandit. Sed sed lorem purus. Etiam mollis libero id tincidunt lacinia. ",
